Time,Tweet,Comment,Retweet,Like,ImageLink
8:12 AM - 18 Aug 2019,b'Finally starting the most requested and awaited series on my channel - BUILD YOUR OWN FPV RACING DRONE \n\nPart 1 is out - https://youtu.be/qRE1L7YsSJQ\xc2\xa0\n\nWatch and share  #FPV #FPVDrone #FPVDroneRacing #Drones  || @IDRLdroneracing',0,5,11,
11:22 PM - 2 Aug 2019,"b""Our CEO, Karan Kamdar talks to @karnanupam of @Inc42 Media about India's Digital Sky Platform.https://inc42.com/features/how-the-governments-half-baked-drone-policy-has-grounded-startups-in-india/\xc2\xa0\xe2\x80\xa6""",0,3,6,
11:06 AM - 12 Mar 2019,"b'Pilot Ouroboros chasing Devnath at IDRL 19, IIT Delhi - HD footage. Must watch. Like, share and subscribe!\nhttps://youtu.be/Ah48pV3EuHY\xc2\xa0 #idrl #drones #racing #uav #fpv #fpvracing #hd #footage #education #competition #fpvlife #dronestagram  #drone #race #chase #indiandroneracingleague'",0,5,7,
7:06 AM - 9 Mar 2019,b'Well that\xe2\x80\x99s how a pro night drone race looks like.. Full Video on my YT channel - https://youtu.be/682AL0d9sN0\xc2\xa0 @IDRLdroneracing #FPV #DroneRacingpic.twitter.com/zfVsOSHroV',1,4,9,('https://pbs.twimg.com/ext_tw_video_thumb/1104397869308555265/pu/img/AStbab7SdMWHO1ws.jpg')
10:40 AM - 5 Mar 2019,b'The gorgeous Night Drone Racing Track at @trystiitd PC - @iAyanPahwa #droneracing #drones #competition #race #education #fpv #fpvlife #uav #speed #trackpic.twitter.com/Zu5UEFNHM2',0,5,16,
8:36 PM - 19 Feb 2019,"b'IDRL 18 Drone Race at @AeroIndiashow scheduled from 9:30 - 10 am on 21st Feb. Catch top drone racing pilots showcase their skills in this race of the champions in association with Government of India, Ministry of Defence and Civil Aviation #droneracing #idrl #race #show #drones'",0,0,6,
4:23 AM - 8 Feb 2019,"b""Watch pilot Ouroboros' 1st place Finals run at IDRL 17 BITS Goa\nhttps://youtu.be/B05eGxLaWHM\xc2\xa0 #idrl #drones #droneracing #fpv #racing #speed #thriller #finals""",0,2,1,
11:24 AM - 8 Dec 2018,b'I added a video to a @YouTube playlist http://youtu.be/91ygkNsUvdk?a\xc2\xa0 #DroneRacing #IDRL #Bengaluru Tech Summit 2018 at Banglore',0,0,1,
7:58 PM - 3 Dec 2018,b'I added a video to a @YouTube playlist http://youtu.be/Rb9cH8rDUCY?a\xc2\xa0 Watch how Indian pilots compete in an exciting drone race in Bangalore',0,0,0,
11:30 AM - 3 Dec 2018,b'I added a video to a @YouTube playlist http://youtu.be/-dcNj9wAQ7Y?a\xc2\xa0 BTS Night Track',0,0,0,
11:04 AM - 17 Nov 2018,b'IDRL 14 @ Chitkara University - RaceWalk: http://youtu.be/FJOkwQuOaxU?a\xc2\xa0 via @YouTube',0,1,2,
10:19 PM - 10 Sep 2018,b'A great profile on the Indian Drone Regulations 1.0. Thanks mucho for quoting us...https://inc42.com/features/drone-regulations-1-0-civil-uavs-to-take-off-from-sky-digital-platform-but-no-goods-deliveries-yet/?utm_source=sharebuttons&utm_medium=mashshare&utm_campaign=mashshare\xc2\xa0\xe2\x80\xa6',0,2,4,
10:23 PM - 10 Sep 2018,b'A great profile on the Indian Drone Regulations 1.0. Thanks mucho for quoting us Suprita Anupam @karnanupam #drones #uav #policy #regulations #education #india #rules #airspace #droneracinghttps://inc42.com/features/drone-regulations-1-0-civil-uavs-to-take-off-from-sky-digital-platform-but-no-goods-deliveries-yet/?utm_source=sharebuttons&utm_medium=mashshare&utm_campaign=mashshare\xc2\xa0\xe2\x80\xa6',0,2,8,
12:16 PM - 9 Sep 2018,"b'IDRL renews for an all new Season 3 with Episode 1: Cradle of the Third Fire at DRA, Amalthea \xe2\x80\x9818, IIT Gandhinagar. Register today at: https://droneracingindia.com/events/f0fe2d50-a526-11e8-8810-816625893404\xc2\xa0\xe2\x80\xa6 or via the Events Tab on IDRL App. #idrl #amalthea #droneracing #drones #fpv #uav #education #racing #race #ai #flypic.twitter.com/J5B3Hkc4zo'",0,2,7,
3:51 AM - 9 Sep 2018,b'I added a video to a @YouTube playlist http://youtu.be/A8okyDyNsiw?a\xc2\xa0 IDRA Challengers Cup - Milano',0,0,0,
3:50 AM - 9 Sep 2018,b'I added a video to a @YouTube playlist http://youtu.be/VbkYSn2UGf8?a\xc2\xa0 World Drone Prix // Burbank Video Qualifier Meet / IDRA',0,0,0,
3:47 AM - 9 Sep 2018,b'I added a video to a @YouTube playlist http://youtu.be/4gLJSlNMIUI?a\xc2\xa0 IDRA racedrone track Utrecht Dutch Comic Con',0,0,1,
2:46 AM - 9 Sep 2018,b'I added a video to a @YouTube playlist http://youtu.be/BiCtnlZ59vE?a\xc2\xa0 IDSC Yeongwol race- Sungju Park-round1',0,0,1,
1:05 AM - 9 Sep 2018,"b'I added a video to a @YouTube playlist http://youtu.be/Eucff3MxDCo?a\xc2\xa0 kdra minchan kim signature track ,rotor rush'",0,0,0,
12:56 AM - 9 Sep 2018,b'I added a video to a @YouTube playlist http://youtu.be/FvTOe3x7Sv4?a\xc2\xa0 FPV Vancouver Qualifying Track for Race #1 Of The 2017 Canadian Drone',0,0,1,
12:50 AM - 9 Sep 2018,b'I added a video to a @YouTube playlist http://youtu.be/qkURF3jYRHo?a\xc2\xa0 FPV Racing Espa\xc3\xb1a 2017 - Spain Drone Team',0,0,0,
12:41 AM - 9 Sep 2018,b'I added a video to a @YouTube playlist http://youtu.be/MAxs9fWxpy8?a\xc2\xa0 2018 MultiGP SE Regional Finals - Final Run - 5th Place Overall',0,0,0,
12:40 AM - 9 Sep 2018,b'I added a video to a @YouTube playlist http://youtu.be/L684gKNNMIU?a\xc2\xa0 2018 MultiGP Regional Final',0,0,0,
12:25 AM - 9 Sep 2018,b'I added a video to a @YouTube playlist http://youtu.be/WGw-OIvomHk?a\xc2\xa0 Drone Racing World Masters_Winner - MinChan Kim',0,0,0,
5:59 AM - 1 Sep 2018,"b'On August 25th, 2018 we reached our first major milestone at IDRL - \xe2\x80\x9cA Thousand in the Sky\xe2\x80\x9d of reaching a 1000 registered drone racing pilots. A huge thank you to each and every pilot at IDRL and to all our local and international partners. #droneracing #drones #technology #uavpic.twitter.com/zbdgOGEQ4G'",0,5,23,
10:48 PM - 3 Aug 2018,b'Our latest innovation in #AI Technology - Codename LahAIna: High Speed Facial Recognition Technology for Realtime Video. #artificialintelligence #MachineLearning #computervision Original #Video Courtesy @Showtime \xe2\x80\x9cThe Affair\xe2\x80\x9dpic.twitter.com/orCqAjS7fO',0,2,6,('https://pbs.twimg.com/ext_tw_video_thumb/1025619368359522304/pu/img/7cFc3kqp49u5cL8-.jpg')
8:08 PM - 14 Jun 2018,b'Cave Drone Racing is baaack!!!https://twitter.com/IDRLdroneracing/status/1007456393547403264\xc2\xa0\xe2\x80\xa6',0,2,1,
7:54 PM - 14 Jun 2018,b'An awesome thing to see our friends at MDX @Dronefestcanada wear the cool blue IDRL S2 Jersey! Congratulations for the announcement of MDX 3.0 guys\nhttps://instagram.com/p/BkB0H2xFOBN/\xc2\xa0 #jerseys #drones #fpv #racing #sportswear #cool #blue #jersey #fpvracingpic.twitter.com/DgKXkpORW0',0,3,4,
11:44 PM - 8 Jun 2018,b'Just a few of the awesome features in the latest IDRL App v6.0.0. Available now for Android and iOS!\n\nGoogle Play Store - https://play.google.com/store/apps/details?id=com.onemartianway.idrl\xc2\xa0\xe2\x80\xa6\n\nApple App Store at - https://itunes.apple.com/in/app/idrl/id1299161140?mt=8\xc2\xa0\xe2\x80\xa6pic.twitter.com/FZKTMEDBoV',0,2,4,
11:07 AM - 6 Jun 2018,b'Our sincere and special thanks to pilots Siddharth Nayak FlyingSid Ashish Modasia Himadri Roy Nilesh Jivani for helping Team Mint cover this article on drone racing in India. Thank you Shweta Taneja for an excellent article.https://www.livemint.com/Leisure/hNtOG6m1NbvNjTIoH7X6LO/Working-with-drones-Still-not-a-career-for-most.html\xc2\xa0\xe2\x80\xa6',0,5,8,
10:17 PM - 12 May 2018,b'Excellent Feature on pilots Siddharth Nayak FlyingSid Jaidwaj Malhotra and Himadri Roy in today\xe2\x80\x99s @mid_day - Credits Kusumita Das\nhttps://www.mid-day.com/articles/meet-mumbais-youngsters-who-fiddle-with-new-obsession-drones/19415199\xc2\xa0\xe2\x80\xa6\n#idrl #droneracing #mumbai #drones #fpv #pilots #flight #education #article #media #sports #uav #flying #quadcopters #passion',0,3,5,
12:22 AM - 29 Apr 2018,b'Thank you @mohuadazzTOI from @timesofindia for this feature article on IDRL and the drone racing scene in India. Many thanks to pilots Ouroboros and FlyingSid for their valuable inputs. Read the full article at:https://timesofindia.indiatimes.com/city/mumbai/move-over-ipl-isl-fever-of-drone-racing-now-grips-mumbai/articleshow/63957083.cms\xc2\xa0\xe2\x80\xa6',0,7,7,
12:40 AM - 22 Apr 2018,b'Thank you @stuff_india for giving the required credits to IDRL which is the organization that has built the sport of drone racing from scratch in India and also held the first ever FPV drone racing competition back in October 2016. Do check our website for further info and press.https://twitter.com/stuff_india/status/987685199642353664\xc2\xa0\xe2\x80\xa6',0,5,7,
8:14 AM - 18 Apr 2018,b'IDRL Rotorrush Championships for Season 2 starting soon. Not yet aware of Rotorrush? See https://rotorrush.com\xc2\xa0. Download Rotorrush and be a part of the exclusive IDRL Rotorrush Team to represent India.https://youtu.be/ziOwZfsCG-Q\xc2\xa0',0,1,2,
5:32 AM - 6 Apr 2018,b'All smiles with the awesome Team SCRO at IDRL 11 at Udaan 2018. Thanks so much for the awesome hosting of IDRL\xe2\x80\x99s Mega Event of Season 2! #idrl #scro #team #teamwork #group #drone #droneracing #dronestagram #dronegear #dronelife #racing #competition #fpv #race #aipic.twitter.com/7cZk0DEmbt',0,2,6,
6:58 PM - 30 Mar 2018,b'IDRL 11 RaceWalk: http://youtu.be/y92TdGTTRNk?a\xc2\xa0 via @YouTube',0,0,0,
6:50 AM - 30 Mar 2018,b'IDRL 11 Test Livestream Wifi: http://youtu.be/zFVLIaw4k5E?a\xc2\xa0 via @YouTube',0,0,0,
3:12 AM - 30 Mar 2018,b'IDRL 11 @ SRM - VirtualWalk: http://youtu.be/ZLnKt0Zo-44?a\xc2\xa0 via @YouTube',0,0,0,
1:10 PM - 21 Mar 2018,b'Welcoming our Official FPV Cam Partner @CaddxOfficial #droneracing #drones #cameras #gear #quality #fpv #uav #Education #flying #camspic.twitter.com/0T3J7RUHwi',0,2,6,
8:41 AM - 26 Feb 2018,b'IDRL X RaceWalk @ BITS Pilani: http://youtu.be/1VG218FjqTk?a\xc2\xa0 via @YouTube',0,0,0,
8:20 PM - 18 Feb 2018,b'IDRL 9 Finals - FlyingSid Vs JDFPV | Millisecs apart!!!: http://youtu.be/9emKILs6yaM?a\xc2\xa0 via @YouTube',0,1,3,
7:21 AM - 18 Feb 2018,b'IDRL 9 RaceWalk - Kerala Drone Prix: http://youtu.be/88ezWGaHLCg?a\xc2\xa0 via @YouTube',0,0,3,
10:27 AM - 17 Feb 2018,b'IDRL 9 Interview with CrossfireFPV: http://youtu.be/EuVrN99MqbM?a\xc2\xa0 via @YouTube',0,0,0,
9:33 AM - 17 Feb 2018,b'IDRL 9 Kerala Drone Prix Interview with Runner up JDFPV: http://youtu.be/TmCiSFXt4E8?a\xc2\xa0 via @YouTube',0,0,2,
8:44 AM - 17 Feb 2018,b'IDRL 9 Interview with Champion FlyingSid: http://youtu.be/SeShBhBUTbo?a\xc2\xa0 via @YouTube',0,0,2,
2:40 AM - 10 Feb 2018,"b'Introducing IDRL X - The Ultimate Drone Racing Membership. Introductory X Offer - Upgrade before Feb 12 and get 1 month Free! https://droneracingindia.com/store\xc2\xa0. Get IDRL Points, Race Pass, Access to X Groups, Jerseys, Coupons, Varsity and more! #drones #education #droneracing #fpv #uav #aipic.twitter.com/cjL64mrB4d'",0,2,6,
3:50 AM - 29 Jan 2018,"b'Introducing IDRL Store where you can buy the all new IDRL X Memberships, Official IDRL Merchandise such as Jerseys, Caps, etc, avail of exciting offers and much more. https://droneracingindia.com/store\xc2\xa0 #droneracing #drones #store #merchandise #shop #Membership #Offers #Discounts #educationpic.twitter.com/NvDUDdkdFZ'",0,2,4,
3:54 AM - 29 Jan 2018,"b'Introducing IDRL Wallet loaded with Real Cash, Deep Discounts and Xclusive Offers and Cashbacks for IDRL X Members. Use your IDRL Wallet to get instant discounts on IDRL X Memberships now available on the all new IDRL Store at: https://droneracingindia.com/store\xc2\xa0pic.twitter.com/zWIQyJ5mUh'",0,3,3,
6:48 AM - 22 Jan 2018,"b""Are you ready with your drone to glide through treachrous tracks?If yes, then it's the time to showcase what you got.\nSchedule:\n101 Races-23rd Feb\nPractice Race-24th Feb\nQualifying, Semis and Finals-25th Feb\nCash prize-70k\nDetails: https://droneracingindia.com/events/b94a2b70-f121-11e7-bbbc-f709037b85fd\xc2\xa0\xe2\x80\xa6\nContact: +91 72404 66720pic.twitter.com/pGyWfSaDWu""",0,11,16,
7:09 PM - 23 Jan 2018,"b""Are you ready with your drone to glide through the treachrous tracks, and compete against the premier drone pilots across the nation? If yes, then it's the time to showcase what you got. Witness our Flagship event this APOGEE, IDRL-BITS Pilani.\n#idrl #idrlx #bitsapogee #droneracepic.twitter.com/G9dQ0RYfCE""",0,15,20,
12:56 AM - 27 Dec 2017,b'IDRL 8 @ VJTI RaceTrack Walkthrough: http://youtu.be/oUEeAwQgAkg?a\xc2\xa0 via @YouTube',0,0,0,
9:53 PM - 9 Dec 2017,"b'VJTI Technovanza, powered by Stryker, co-powered by @Seagate is going to sweep the world with its first ever Drone Racing Competition in association with @IDRLdroneracing - Indian Drone Racing League!\nRegister here - http://technovanza.org/drone\xc2\xa0\n#DroneRacing #Technovanza #VJTI #IDRLpic.twitter.com/X3VzZLJpG4'",1,21,37,
6:12 AM - 1 Nov 2017,b'Full coverage starts Saturday afternoon with bonus coverage throughout the day Friday.pic.twitter.com/N0Kz7FbCOj',0,4,7,('https://pbs.twimg.com/ext_tw_video_thumb/925712002110046208/pu/img/Ee8Af0XVKa_4RKVP.jpg')
5:12 AM - 20 Oct 2017,b'Official IDRL #Android #App now available on Google Play! https://play.google.com/store/apps/details?id=com.onemartianway.idrl\xc2\xa0\xe2\x80\xa6 #idrl #droneracing #droneracingindia #fpv #drones #playpic.twitter.com/LFnS1UhdZU',0,5,5,
4:16 PM - 17 Oct 2017,b'@IDRLdroneracing  and @amalthea_iitgn are back with the second season of DRA.\n#aml2k17  #dronerace #Drone_Racing_Amaltheapic.twitter.com/kC5WZaYlM1',0,1,2,
4:34 AM - 24 Sep 2017,b'#IDRL pilot Ritvik Nesargi #Ouroboros against the world\xe2\x80\x99s best at @Rotor_Rush Platinum Cup Finals at #EGX UK #droneracing #drones #fpvracingpic.twitter.com/8RoPIygz5W',0,4,10,
1:51 AM - 24 Sep 2017,b'Just 10 more mins! IDRL pilot Ritvik Nesargi takes on world pilots at EGX UK live at: https://www.twitch.tv/rotor_rush\xc2\xa0 #GoOuroboros',0,1,3,
7:16 AM - 8 Sep 2017,"b'5 of 7 finalist found, the racing continues... @ESL @TwitchEsports @Multi_GP @DroneRaceeSport @IDRLdroneracing @EGX @FPVLive @TinyWhooppic.twitter.com/bYKYUEQIQ3'",0,2,3,
9:59 PM - 6 Sep 2017,b'#Ouroboros wins Indian Qualifier of #IDRL @Rotor_Rush Platinum Cup and flies to represent #India at @EGX UK Platinum Cup Finals #droneracingpic.twitter.com/ienEhSP9Rh',0,5,6,
3:15 AM - 3 Aug 2017,b'Introducing xFleetY from 1 Martian Way - a drone fleet and airspace management platform #drones #ArtificialIntelligence #fleet #platform #aipic.twitter.com/GAVViU1oTw',0,2,7,
6:14 PM - 25 Jul 2017,b'Some key players behind the @FIAformulaE team trying out some #drone racing!pic.twitter.com/Yxfj5gnGYz',0,2,3,
9:33 PM - 17 Jun 2017,"b'Top pro pilots competing at #IDRL Episode 6 at NIT, Nagpur #droneracing #drones #fpvlife #fpvracing #dronelife @bampi2kpic.twitter.com/xsxETY2enA'",0,1,4,
9:30 PM - 17 Jun 2017,"b'Pilot #SwagFPV dialled in at #IDRL Episode 6 at NIT, Nagpur #droneracing #dronestagram #drones #fpvlife #fpvracingpic.twitter.com/ZdDti588Mf'",0,0,5,
9:26 PM - 10 May 2017,b'A great article featuring #IDRL and its pilots: https://goo.gl/mvaQmB\xc2\xa0 via @NewIndianXpress #droneracing #news #drones #fpv #fpvracing',0,6,10,
10:47 AM - 22 Apr 2017,b'Team @smartsdiot working relentless for  making fpv drone one of the future sports of India. @IDRLdroneracing @iAyanPahwa @rajdeepucbpic.twitter.com/4Ik1uDEhOc',0,2,4,
12:28 AM - 19 Apr 2017,b'IDRL 5 Race Track Walkthrough Part 2 http://youtu.be/Kfv3_gppyh8?a\xc2\xa0',0,0,1,
7:55 AM - 3 Apr 2017,b'Just 24 hours till the #IDRL Rotor Rush World Series starts. Register to win big at: http://rotorrush.com/madras-iit/\xc2\xa0 #drones #racing #fpv #simulatorpic.twitter.com/FM5HSel1yd',0,3,5,
8:08 PM - 31 Mar 2017,b'#IDRL Global Sim Series starts this Tuesday. Win a @FatsharkRC goggles http://rotorrush.com/madras-iit/\xc2\xa0 @Rotor_Rush @FPVracingevents @rodeoannouncerpic.twitter.com/Gaywkt8vpH',0,3,9,
8:02 PM - 31 Mar 2017,b'Official #IDRL #simulator launched! Compete this Tuesday to win a Fatshark goggles: http://rotorrush.com/madras-iit/\xc2\xa0 #droneracing #gaming #fpv #uavpic.twitter.com/ZPebvLDYwM',0,6,9,
1:49 PM - 29 Mar 2017,b'What a nice guy...https://twitter.com/IDRLdroneracing/status/847097105386659841\xc2\xa0\xe2\x80\xa6',1,3,5,
7:44 AM - 29 Mar 2017,b'What an awesome treat seeing these in the mail today & even better are those stickers :) Thanks a ton Joe! @rodeoannouncer @FPVracingeventspic.twitter.com/u6hQoHKUed',2,0,6,
9:47 PM - 26 Mar 2017,b'IDRL 5 Race Track Walkthrough - Part 1: http://youtu.be/7efEgKkkrII?a\xc2\xa0 via @YouTube',0,0,2,
10:58 AM - 24 Mar 2017,"b""Commentary Box fun moments @ IDRL 5 - Beginner's Day: http://youtu.be/7c_L6qacptk?a\xc2\xa0 via @YouTube""",0,0,1,
10:44 AM - 24 Mar 2017,"b""#IDRL Episode 5 @FPVIT - Mega Event of Season 1 has begun! Don't miss live broadcast of the pro race on FB and Youtube #idrl #droneracingpic.twitter.com/EBAN0BXgUQ""",0,0,3,
12:43 PM - 22 Mar 2017,b'Great product from our parent company 1 @1MartianWayhttps://twitter.com/1MartianWay/status/844634454698057728\xc2\xa0\xe2\x80\xa6',0,0,1,
10:39 PM - 21 Mar 2017,"b""Top #IDRL pilot and winner of IDRL Episode 4 - Devesh's epic lap #droneracing #fpv #fpvlife #uav #drones #racing #dronepilot @FatsharkRCpic.twitter.com/eieXP3rRwX""",0,0,4,('https://pbs.twimg.com/ext_tw_video_thumb/844422848194203649/pu/img/RM1oVWFJrUJgXFMx.jpg')
8:09 PM - 10 Mar 2017,b'IDRL race tracks to soon launch exclusively on the @Rotor_Rush #droneracing #simulator platform. #fpv #uav #stem #education #drones #vr',0,0,2,
8:04 PM - 10 Mar 2017,b'IDRL is thrilled to #announce its partnership with @Rotor_Rush to bring the best #droneracing sim in the world to #India. #fpv #uav #stemhttps://twitter.com/rotor_rush/status/840278218829643777\xc2\xa0\xe2\x80\xa6',0,1,2,
1:04 AM - 7 Mar 2017,b'The rush has begunpic.twitter.com/vfAFtwmBVv',0,3,5,('https://pbs.twimg.com/ext_tw_video_thumb/839038055600250880/pu/img/ott_OibZ35D3UqWT.jpg')
12:41 AM - 20 Feb 2017,b'I added a video to a @YouTube playlist http://youtu.be/Drt-pr6EC9o?a\xc2\xa0 Introducing the Allianz World Championship | Drone Racing League',0,1,0,
3:53 AM - 11 Feb 2017,b'IDRL SDIOT: http://youtu.be/Vz_rbljSB5I?a\xc2\xa0 via @YouTube',0,0,0,
3:29 AM - 28 Jan 2017,b'Congratulations #SwagFPV for winning #IDRL #Episode2 - Formula DrOne at @ShaastraIITM!pic.twitter.com/HWYlcthM6v',0,0,2,
2:45 AM - 28 Jan 2017,"b""As epic as it gets! Pilot #ManjuFPV flying at #IDRL Episode 2 Formula DrOne - India's First Night Drone Racing Track #droneracing #dronespic.twitter.com/4DwGaKVcDw""",0,3,8,('https://pbs.twimg.com/ext_tw_video_thumb/825293272889188352/pu/img/83eNrotOv6owetiG.jpg')
2:36 AM - 28 Jan 2017,b'The first Night Drone Race Track in India designed by #IDRL at its #Episode 2 - Formula DrOne #droneracingindia #indiandroneracingleaguepic.twitter.com/fcHwOhoule',0,0,1,
2:34 AM - 28 Jan 2017,b'Lights sounds DJing cockpit at #IDRL #Episode2 - Formula DrOne #droneracing #droneracingindia #indiandroneracingleaguepic.twitter.com/7IUCMkmaFB',1,1,1,
2:32 AM - 28 Jan 2017,"b'The magnificent start gate at #IDRL #Episode2 IIT Madras held on Jan 2nd, 2017 #droneracing #droneracingindia #indiandroneracingleaguepic.twitter.com/dFubztLMGJ'",0,0,3,
11:24 PM - 25 Jan 2017,b'#FPV #DRONE #DRONERACING #SDIOT #IDRL @smartsdiot @IDRLdroneracingpic.twitter.com/tFP60iIhAY',1,1,2,
1:38 AM - 31 Dec 2016,"b""#IDRL Episode 2 Formula Drone @ShaastraIITM IIT Madras set for India's First Night Drone Race #happynewyear #droneracingindia @FatsharkRCpic.twitter.com/IpSIkssSCR""",0,4,7,
12:35 AM - 29 Dec 2016,"b'Chilling out with @FatsharkRC in Knysna, South Africa @natashakelkarpic.twitter.com/DcnjOWb9eG'",0,0,3,
4:33 AM - 16 Dec 2016,"b'Questian Bhavesh Sangani wins big @IDRLdroneracing League (IDRL), India\xe2\x80\x99s first ever drone racing. Congratulations! #drone, #droneracingpic.twitter.com/m1kDmXNf4L'",1,6,7,
11:05 PM - 14 Dec 2016,b'1 year of @Drone_NR today! #drones #1stbday @turncircles @1MartianWay @IDRAdroneracing @IDRLdroneracing @Freebird_Flight @Flybrix Thankd all',1,2,8,
12:40 AM - 9 Dec 2016,"b""Thank you for your support to #aml16 and making India's first ever #DroneRace a grand success.\n#DreamsComeTrue\nDrone Footage: Ken and Deveshpic.twitter.com/vzYFEFrTwp""",0,3,11,('https://pbs.twimg.com/ext_tw_video_thumb/807141881251434496/pu/img/ikM--MCkyzRMw37N.jpg')
9:01 AM - 7 Dec 2016,b'Thanks Team @FatsharkRC :) We await your verdicthttps://twitter.com/fatsharkrc/status/806540335480455168\xc2\xa0\xe2\x80\xa6',1,0,0,
3:23 AM - 26 Nov 2016,b'Pilots Mateen Baig & Manju are all smiles at #IDRL Wired Drone Race in Bangalore as they introduce visitors to #droneracing #fpv #dronespic.twitter.com/fmSW1354zq',0,1,5,
10:47 PM - 18 Nov 2016,"b'ImmersionRC sent us their RSSI Timing System or ""VTX Timing System"" for testing. It\'s almost ready, Race Directors! (Stickers not included)pic.twitter.com/sv7ww12vYd'",1,3,8,
10:25 AM - 13 Nov 2016,b'Played the Indian Rodeo Announcer at #IDRL Wired Drone Race in Bangalore. Love for inspiring drone pilots and making em nervous on hot seat!pic.twitter.com/2CKDpnJneY',0,1,8,
4:53 AM - 13 Nov 2016,b'An impressive race track at #IDRL Wired Drone Race in Bangalore at RMZ Ecoworld! #droneracing #indiandroneracingleague #drones #fpvracingpic.twitter.com/RCU1CtOO89',0,4,11,
11:39 PM - 11 Nov 2016,b'Indian Drone Racing leg 2 #Bengaluru @IDRLdroneracing #rmzecoworldpic.twitter.com/5iDVxTWGcI',1,4,4,
5:17 AM - 3 Nov 2016,"b""All smiles with Team @amalthea_iitgn volunteers who worked tirelessly to execute #IDRL S01E01 - The Revolution, India's First Drone Racepic.twitter.com/kEWb33mvWr""",0,4,10,
5:14 AM - 3 Nov 2016,"b""A moment with pilot Ritvik Nesargi who won the Third Winner's Prize at #IDRL 101 (Beginner Class) Drone Race at S01E01 - The Revolution.pic.twitter.com/HgxqGtrasr""",0,0,1,
5:12 AM - 3 Nov 2016,b'Pilot Vipul Bhati being congratulated by @quadkopters for winning the #IDRL 101 (Beginner Class) Drone Race at S01E01 - The Revolution.pic.twitter.com/tHCcofiHCk',0,0,1,
5:09 AM - 3 Nov 2016,"b""Thank you Priyanshu Gupta from @amalthea_iitgn for helping us execute #IDRL India's First Drone Racing Event. #indiandroneracingleaguepic.twitter.com/iK9abwM48m""",0,0,5,
5:05 AM - 3 Nov 2016,b'Looking through the eyes of Pro Pilot Pravesh TM in a beautiful setting sun #IDRL S01E01 - The Revolution @amalthea_iitgn #droneracingindiapic.twitter.com/x4SsqzmagJ',0,0,3,
4:58 AM - 3 Nov 2016,b'#IDRL S01E01 Fourth Place Pilot Ken Kouwang felicitated by our sponsor @quadkopters. #indiandroneracingleague #droneracingindia #dronespic.twitter.com/3J7XHipvmX',0,0,0,
4:56 AM - 3 Nov 2016,b'#IDRL S01E01 Fifth Place Pilot Devesh Sharma being handed over his prize by our sponsor @quadkopters. #indiandroneracingleague #droneracepic.twitter.com/KW0ISAHVSH',0,0,1,
4:54 AM - 3 Nov 2016,b'#IDRL S01E01 Third Place Winner Manjunath M. is all smiles. Thank you @quadkopters! #indiandroneracingleague #droneracingindia #dronespic.twitter.com/TuUaN0xYqx',0,0,1,
4:52 AM - 3 Nov 2016,b'Viewers are glued to large screens for field action as #IDRL S01E01 - The Revolution judges review race results. #indiandroneracingleaguepic.twitter.com/YQS4VPfA1I',0,0,1,
4:50 AM - 3 Nov 2016,b'Some of the wonderful members of Team @amalthea_iitgn who helped execute #IDRL S01E01 - The Revolution. #indiandroneracingleague #droneracepic.twitter.com/1dwqigyt1E',0,1,3,
4:45 AM - 3 Nov 2016,b'Winner of #IDRL S01E01 - The Revolution @amalthea_iitgn being given the cash prize plus @FatsharkRC Dom V3 goggles. Thank you @VarunaPumpspic.twitter.com/cySoD4Ndv3',0,2,6,
4:42 AM - 3 Nov 2016,b'A closeup of one of the quads at #IDRL S01E01 - The Revolution @amalthea_iitgn. #indiandroneracingleague #droneracingindia #dronespic.twitter.com/l1dFx6k0NI',0,0,2,
4:40 AM - 3 Nov 2016,b'Let The Revolution begin @amalthea_iitgn. #IDRL S01E01 drones on the launchpad. #indiandroneracingleague #droneracingindia #dronespic.twitter.com/nCCqEg8sYh',0,1,3,
4:38 AM - 3 Nov 2016,b'Pro Pilot Mateen Baig having some fun practice time before race day at #IDRL S01E01 - The Revolution @amalthea_iitgn. #indiandroneracingpic.twitter.com/ZUWef06InW',0,1,3,
4:35 AM - 3 Nov 2016,b'Pro Pilot #KenFPV is a calm and relaxed customer at #IDRL S01E01 - The Revolution @amalthea_iitgn. #indiandroneracingleague #droneracingpic.twitter.com/dAmQgGKd9U',0,1,3,
4:33 AM - 3 Nov 2016,b'#FlyingSID in a positive frame of mind at #IDRL S01E01 - The Revolution @amalthea_iitgn. #indiandroneracingleague #droneracingindia #dronespic.twitter.com/y5v09Au8GH',0,2,4,
4:31 AM - 3 Nov 2016,b'Main Gate displaying our sponsors at #IDRL S01E01 - The Revoluton @amalthea_iitgn. #indiandroneracingleague #droneracingindia #droneracingpic.twitter.com/QJcqN60IAo',0,1,2,
4:28 AM - 3 Nov 2016,b'Pro Pilot @bampi2k checking his quad setup on race day at #IDRL S01E01 - The Revolution @amalthea_iitgn #indiandroneracingleague #droneracepic.twitter.com/C3kxEi9JfD',0,2,6,
4:24 AM - 3 Nov 2016,b'Pilot Muralidharan performs practice laps on Day 1 of #IDRL S01E01 - The Revolution @amalthea_iitgn. #indiandroneracingleague #droneracingpic.twitter.com/hLTienVbnX',0,1,3,
4:22 AM - 3 Nov 2016,b'Pilots Ritvik Nesargi & Pankaj Sharma discuss strategy on Day 1 of #IDRL S01E01 - The Revolution @amalthea_iitgn. #indiandroneracingleaguepic.twitter.com/MOCi4BXuOn',0,1,3,
4:18 AM - 3 Nov 2016,b'The talented Team Bangalore that took the first 3 spots at #IDRL S01E01 - The Revolution. #indiandroneracingleague #droneracingindiapic.twitter.com/hVZALlu5el',0,1,1,
4:16 AM - 3 Nov 2016,b'Setting up the #IDRL Race Track on Day 2 of S01E01 (The Revolution) @amalthea_iitgn. #indiandroneracingleague #droneracingindia #dronespic.twitter.com/RqEHhmU81u',1,3,4,
4:13 AM - 3 Nov 2016,b'A subset of the large team that successfully executed #IDRL S01E01 (The Revolution) @amalthea_iitgn. #indiandroneracingleague #droneracingpic.twitter.com/Hgur5L5e3z',0,1,5,
4:09 AM - 3 Nov 2016,b'Pro Pilot Bhavesh Sangani in intense action at #IDRL Season 1 Episode 1 (The Revolution). #indiandroneracingleague #droneracingindia #dronepic.twitter.com/8nkD5kdVtS',0,1,1,
2:49 PM - 25 Oct 2016,b'Great to see Drone Racing grow in India #droneracinghttps://twitter.com/markjburns88/status/789498998952452096\xc2\xa0\xe2\x80\xa6',0,2,2,
1:54 AM - 25 Oct 2016,b'https://www.youtube.com/shared?ci=cfa_plY_Fro\xc2\xa0\xe2\x80\xa6 wait for the latest fpv feeds from #idrl2016',0,2,1,
1:38 PM - 21 Oct 2016,b'The Indian revolution begins today! @IDRLdroneracing #Droneracing #fpv #fpvracing Do share the pics  :) #sports',0,1,1,
12:28 AM - 25 Oct 2016,b'India joining the world! Great job @IDRLdroneracing @1MartianWayhttps://twitter.com/markjburns88/status/789498998952452096\xc2\xa0\xe2\x80\xa6',0,1,2,
9:10 AM - 21 Oct 2016,b'Indian Drone Racing League (@IDRLdroneracing) gears up for inaugural event. On @SportTechie http://ow.ly/dEur305pro5\xc2\xa0 #SportsTechpic.twitter.com/tI2obphM58',0,4,4,
9:10 PM - 20 Oct 2016,b'@IDRLdroneracing  thanks for organising and the invite... Really excited! #idrl #idrl2016',0,1,1,
7:24 PM - 20 Oct 2016,b'Off to Idrl on a bright Bangalore morning! High hopes for the future of drone tech in India. #Idrl2106 #droneracing http://www.droneracingindia.com\xc2\xa0',2,2,4,
11:57 AM - 14 Oct 2016,"b""See for yourself what all Amalthea has to offer this year. Presenting the official teaser for Amalthea '16.\nVC: Siddharth & Bhavesh\n#aml16pic.twitter.com/bUHnBdl9AP""",1,3,9,('https://pbs.twimg.com/ext_tw_video_thumb/787003445739859970/pu/img/IKToNPnXf6A4ee44.jpg')
6:11 PM - 13 Oct 2016,b'ICYMI - Drone Racing in India\n\nAn interview with @IDRLdroneracing #droneracing \n\nhttp://thirdlawsports.com/2016/08/20/indian-drone-racing-league-will-overcome-challenges-interview-karan-kamdar/\xc2\xa0\xe2\x80\xa6',0,4,4,
8:12 PM - 8 Oct 2016,b'Official #IDRL #transponders for S01E01 made by a genius mind and pilot @iAyanPahwa. @1MartianWay @amalthea_iitgnpic.twitter.com/dHuaKimdC5',0,2,3,
5:13 AM - 7 Oct 2016,b'These wonderful ARF kits to be given to Top 3 Winners of the IDRL S1E1 Beginner Race on 22nd Oct by @quadkopters. Ty http://quadkopters.com\xc2\xa0pic.twitter.com/ZLTPc955Ou',0,0,1,
1:30 AM - 4 Oct 2016,b'3 of these counter drone techniques here are utter bollox in a practical world -the other one is a RF devicepic.twitter.com/UgDuOaaFHi',0,3,0,('https://pbs.twimg.com/media/CtnwnGBUAAAMP-z.jpg')
6:13 PM - 4 Oct 2016,"b""@IDRLdroneracing support our petition to improve @EASA #UAS Prototype Rule, would kill Europe's #drone industry #UAVhttps://www.change.org/p/https-www-easa-europa-eu-improve-europe-s-uas-prototype-rule?recruiter=604782332&utm_source=share_for_starters&utm_medium=copyLink\xc2\xa0\xe2\x80\xa6""",1,2,6,
9:17 AM - 1 Oct 2016,b'We are thrilled to have an awesome pilot like you participating! ~starkfpv~ @iAyanPahwahttps://twitter.com/iayanpahwa/status/782239030817595392\xc2\xa0\xe2\x80\xa6',0,1,3,
1:20 AM - 1 Oct 2016,b'Get ready to experience Amalthea like never before! #aml16 #dronerace #22daystogohttps://twitter.com/IDRLdroneracing/status/782100038121951232\xc2\xa0\xe2\x80\xa6',0,3,6,
11:09 PM - 30 Sep 2016,"b""Here we go! Official Teaser IDRL S01E01 @amalthea_iitgn '16 @1MartianWay @FatsharkRC @quadkopters,Z-Axis,Tattuhttps://youtu.be/xbYgtMrDCBU\xc2\xa0""",1,4,6,
11:05 PM - 30 Sep 2016,"b'Official IDRL Teaser 1 - @1MartianWay , Sponsored by @FatsharkRC, in association with Z-Axis, @quadkopters and Tattuhttps://youtu.be/xbYgtMrDCBU\xc2\xa0'",0,0,1,
7:14 AM - 30 Sep 2016,"b""The Big Trophy that's up for grabs on the 23rd of October at IDRL Season 1 Event 1 #idrl #indiandroneracingleague #trophy @amalthea_iitgnpic.twitter.com/cQLI2nBffv""",1,2,7,
10:11 AM - 29 Sep 2016,b'Welcome to the @FatsharkRC Club! Good luck Oct 22-23!  #IDRLhttps://twitter.com/IDRLdroneracing/status/781377475280379904\xc2\xa0\xe2\x80\xa6',0,1,7,
11:18 PM - 28 Sep 2016,b'IDRL is thrilled to have Fatshark as our sponsor! http://www.FatShark.com\xc2\xa0. #IDRL #Fatshark #IDRLSponsor #IndianDroneRacingLeaguepic.twitter.com/ZRbZzGUk2g',0,2,8,
2:13 AM - 24 Sep 2016,"b""Amalthea is proud to announce yet another unique event. Be there to witness India's first ever FPV Drone Race on October 22nd-23rd 2016!pic.twitter.com/RTOzZFU9ap""",0,6,20,
3:29 AM - 24 Sep 2016,b'IDRL is pleased to have Z-Axis as its sponsor. http://www.zaxisindia.com\xc2\xa0 #idrl #zaxisindia #indiandroneracingleague #1mw #1martianway #sponsorpic.twitter.com/ejJwdV5zm4',0,0,2,
5:32 AM - 23 Sep 2016,b'IDRL is pleased to have http://Quadkopters.com\xc2\xa0 as our sponsor!pic.twitter.com/BkQnqC787K',0,0,4,
12:21 AM - 2 Sep 2016,b'Our youngest boy genius will inaugurate the main IDRL competition http://droneracingindia.com/2016/09/02/youngest-pilot-garv-thakkar/\xc2\xa0\xe2\x80\xa6 #idrl #droneracing #fpvpic.twitter.com/V5mrGN8s5k',0,4,8,
10:49 PM - 31 Aug 2016,b'IDRL in the news! #idrl #indiandroneracingleague #droneracing #news #droneracingnews #drones #fpv #uav #mumbaimirrorpic.twitter.com/bNjTCfa0Al',0,2,7,
3:09 AM - 31 Aug 2016,b'Official IDRL Jerseys released! #idrl #droneracing #jerseys #dronejersey #dronetees #indiandroneracingleaguepic.twitter.com/4cd2F5wbbH',0,5,8,
7:01 AM - 22 Aug 2016,b'Project Drone: No Limits - Sandro Meden\n#Kickstarter #drones @TheProjectDrone \n\nRead: http://buff.ly/2bfAEcZ\xc2\xa0pic.twitter.com/wmJtpps2mT',0,1,3,
6:19 AM - 22 Aug 2016,"b'""#OnlineGaming: Could Drone Racing Be a Game Changer for Online Sports Betting? #News"" : http://www.robinspost.com/news/technology-news/gaming-news-articles/333162-online-gaming-could-drone-racing-be-a-game-changer-for-online-sports-betting.html\xc2\xa0\xe2\x80\xa6'",0,2,2,
6:14 AM - 21 Aug 2016,b'@ThirdLawSports Your worlds are colliding.https://twitter.com/TeamSabretooth/status/767102692661526529\xc2\xa0\xe2\x80\xa6',0,3,3,
6:04 AM - 21 Aug 2016,b'The @DJIGlobal arena recently opened in #SouthKorea! Who wants to fly there? #droneracing #IDRA #fpvracing #esportspic.twitter.com/a908zpOvnP',0,12,28,
7:04 AM - 21 Aug 2016,"b""Indian Drone Racing League: Monsoons won't stop us @IDRLdroneracing \n#drones #Mumbai \n\nRead: http://thirdlawsports.com/2016/08/20/indian-drone-racing-league-will-overcome-challenges-interview-karan-kamdar/\xc2\xa0\xe2\x80\xa6pic.twitter.com/YY2KtvEOoE""",0,5,7,
11:27 PM - 20 Aug 2016,"b""Its finally coming to India!! Can't wait. @IDRLdroneracing #fpvracing \nhttp://thirdlawsports.com/2016/08/20/indian-drone-racing-league-will-overcome-challenges-interview-karan-kamdar/\xc2\xa0\xe2\x80\xa6""",0,3,5,
5:50 PM - 20 Aug 2016,"b'We chatted with Karan Kamdar, founder of the @IDRLdroneracing, about what it takes to build up drone racing in India http://thirdlawsports.com/2016/08/20/indian-drone-racing-league-will-overcome-challenges-interview-karan-kamdar/\xc2\xa0\xe2\x80\xa6'",1,4,4,
2:04 AM - 11 Aug 2016,b'Coming this October: India\xe2\x80\x99s first drone racing league\nhttp://factordaily.com/drone-racing-india-league/\xc2\xa0\xe2\x80\xa6pic.twitter.com/V70i5scfn8',0,8,10,
3:23 AM - 11 Aug 2016,b'Coming this October: India\xe2\x80\x99s first drone racing league - http://factordaily.com/drone-racing-india-league/\xc2\xa0\xe2\x80\xa6 #droneracing #idrl #droneracingindia #drones #fpv #league',0,1,3,
6:12 AM - 6 Aug 2016,"b""We like what we see of the @DroneSquadApp so far! And we think we might use it @ IDRL's launch event in October""",0,1,0,
6:03 AM - 6 Aug 2016,b'I liked a @YouTube video from @mrsteelefpv http://youtu.be/kjDOibQheg4?a\xc2\xa0 US Drone Nationals 2016 NYC (Day 1)',0,1,0,
4:16 AM - 6 Aug 2016,b'Money pouring into drone racing as first ESPN broadcast takes to the air http://news.dronenr.com/?read=http%3A%2F%2Flinkis.com%2Fmarketwatch.com%2FMoney_pouring_into_d.html\xc2\xa0\xe2\x80\xa6',0,3,4,
3:59 AM - 6 Aug 2016,b'The story of our parent company.https://twitter.com/1MartianWay/status/761878947999080448\xc2\xa0\xe2\x80\xa6',0,0,0,
2:38 AM - 31 Jul 2016,b'Our #IDRL #droneracing frame Rev 1 is coming strong from @ChordataQuads. Lookout for Rev 2 #quad #drones #fpv #uavpic.twitter.com/E9hUj4Ltcp',0,6,2,
3:42 AM - 27 Jul 2016,b'Introducing Official #IDRL Pilot Cards! Get yours today at: http://droneracingindia.com/registration/\xc2\xa0. #drones #droneracing #fpv #uavpic.twitter.com/1pViMoGw71',0,3,3,
3:40 AM - 27 Jul 2016,b'Congrats to our friends @Drone_NR. Excellent feat!https://twitter.com/Drone_NR/status/758227215498620928\xc2\xa0\xe2\x80\xa6',0,0,3,
10:21 AM - 24 Jul 2016,b'Read the inspiring story of Flying Sid in our 1st IDRL Pilot Showcase http://droneracingindia.com/2016/07/24/idrl-pilot-showcase-siddharth-nayak-flying-sid/\xc2\xa0\xe2\x80\xa6 #drones #droneracingpic.twitter.com/zEN9rDFYTS',0,3,5,
2:23 AM - 24 Jul 2016,b'By our awesome friends @Drone_NR. Help make it happen for Cyber Sky on @indiegogo https://igg.me/p/1839288/twtr\xc2\xa0',1,1,3,
8:57 AM - 23 Jul 2016,b'Drones racing is growing larger by the day! India getting into the action! #fpvracing #drones #fpvhttps://twitter.com/IDRLdroneracing/status/756798017345163264\xc2\xa0\xe2\x80\xa6',0,6,1,
3:28 AM - 23 Jul 2016,b'Seeking experienced #drone #pilots to train our participants @ IIT Gandhinagar. #drones #droneracing #fpv #educationpic.twitter.com/f5HoqN0Xm8',0,15,13,
7:03 AM - 22 Jul 2016,b'A MAJOR congratulations to our pals at @ChordataQuads ! IDRL could not have picked a better drone designer.https://twitter.com/IDRLdroneracing/status/756380953073766404\xc2\xa0\xe2\x80\xa6',0,4,3,
5:29 AM - 22 Jul 2016,b'We are proud to announce we will design and supply the #drones for @IDRLdroneracing! #drone #droneracing #FPVracingpic.twitter.com/hCHS9X4Oqf',0,13,9,
11:50 PM - 21 Jul 2016,b'We are announcing today that the official IDRL racing drones will be made by @ChordataQuads. #droneracing #fpv #uavpic.twitter.com/iASYfPteza',1,12,11,
10:38 AM - 18 Jul 2016,b'Indian Drone Racing League by @1MartianWay. Worldwide Media partner @Drone_NR. Stay tuned #droneracing #drones #fpvpic.twitter.com/KOQlhbsPbG',0,5,7,
8:57 AM - 18 Jul 2016,"b""Our gorgeous new Press Kit Designed by our friends @Drone_NR. Couldn't be better!pic.twitter.com/vSI8CkmhK0""",0,3,4,
2:31 AM - 29 May 2016,b'Congrats to our top 16. See you in finals tomorrow. #IDRA #droneracing #nacuppic.twitter.com/syjErLya7A',0,6,6,
5:32 PM - 22 May 2016,b'Congrats to the 5 pilots who qualified to @dronenationals at the @aerialsports qualifier.pic.twitter.com/16CvunJMDE',1,16,27,
7:26 PM - 22 May 2016,b'New Carbon Fiber Racing Drone Speeding and Compact Design\nhttp://www.uavgl.com/sale-7849252-new-carbon-fiber-racing-drone-speeding-and-compact-design.html\xc2\xa0\xe2\x80\xa6 @RacingF3U @RacingF3U @FPV_Racepic.twitter.com/cwJ2dDZSTp',0,2,2,
4:31 AM - 23 May 2016,"b'our new drone racing : L230-2 / Scorpion 230 , which one do you like ?pic.twitter.com/1aIArxDyHO'",0,4,6,
9:43 AM - 25 May 2016,b'Hugo is unboxing the Mi Drone now live on Facebook. Watch: https://m.facebook.com/hbarra76\xc2\xa0 @hbarra',2,26,71,
11:50 AM - 25 May 2016,"b""Here's a look at #MiDrone, our 4K UHD drone with 3-axis gimbal stabilization. Isn't it gorgeous?pic.twitter.com/AuVpgKSSNP""",18,167,251,
3:47 PM - 24 May 2016,"b'The new Yi 4K boasts an amazing feature packed camera, delivering great images in a very affordable price. @xiaomipic.twitter.com/07tqJaQihi'",0,4,8,
7:17 PM - 24 May 2016,"b""Who's ready for the IDRA North American Cup West qualifier this weekend. We have 90 of the top US pilots competing!pic.twitter.com/XLt9fQXw3B""",1,7,15,
7:18 AM - 1 May 2016,b'25 Geniuses Who Are Creating the Future of Business http://www.wired.com/2016/04/wired-nextlist-2016/\xc2\xa0\xe2\x80\xa6 #AI #VR #blockchain #Drones #Cloud #botspic.twitter.com/jQjaanKZqM',0,6,4,
7:47 AM - 1 May 2016,b'How one company is creating the first live drone racing TV channel. http://bit.ly/21F3ncA\xc2\xa0pic.twitter.com/ZbI1xWji11',0,4,2,
11:09 AM - 8 Apr 2016,b'DJI launches new social search and discovery mobile app | Droneblog - http://bit.ly/1XlCWrH\xc2\xa0 #drones',0,5,5,
6:01 AM - 8 Apr 2016,b'Last call! Only a few left. Neato 180mm #quadcopter #frame. #fpv #fpvracing #4inchprops  http://goo.gl/HOSq3B\xc2\xa0pic.twitter.com/phpwXJ5d6n',0,8,9,
9:46 AM - 31 Mar 2016,"b'""One thing that I love about this sport is that FPV racing is one of the least exclusive in the world."" - Todd Wahl http://thirdlawsports.com/2016/03/30/interview-todd-wahl-drone-racing-club/\xc2\xa0\xe2\x80\xa6'",0,5,3,
9:17 AM - 27 Mar 2016,b'Big news...  TBS Vendetta is coming!! Order is in!! pic.twitter.com/Ye8QpQNAhx',0,1,2,
10:02 PM - 27 Mar 2016,b'Read a full and honest interview with @BanniUK after winning @worlddroneprix #Dubai DL FREE: http://bit.ly/dronemag\xc2\xa0pic.twitter.com/7bDWeC9FPm',0,6,6,
2:56 AM - 24 Mar 2016,b'Drone Racing League (@DroneRaceLeague) builds epic race course in old Hawthorne mall http://bit.ly/22rJs6G\xc2\xa0 #FPVpic.twitter.com/0dcEKjFb8K',0,6,3,
6:22 AM - 11 Mar 2016,b'Design is finalized Q3D 220 #3dprinted racing drone. @FELIXprinters #FelixBuilder #FELIXprinters #fpv #drone #Dronepic.twitter.com/rHyzkf2MlG',1,7,7,
5:34 AM - 31 Mar 2016,b'Worlds Smallest #RC #Drone!\nhttp://dld.bz/etMZs\xc2\xa0\n#nanopic.twitter.com/zjMxsEaCx4',0,1,0,
4:23 AM - 31 Mar 2016,b'Parrot\xe2\x80\x99s Henri Seydoux to talk about the future of #drones at Disrupt\xc2\xa0NY #hobby #drone http://tcrn.ch/1olKIFR\xc2\xa0 v\xc3\xada @techcrunch',0,1,0,
5:36 AM - 30 Mar 2016,b'Check out @RoboLandIndia brand new web presence. Special thanks to @Drone_NR. Website: http://www.roboland.in\xc2\xa0pic.twitter.com/zL9zkcdvUf',0,2,4,
10:20 PM - 29 Mar 2016,b'Check out this awesome Drone Kickstarter @Freebird_Flighthttps://www.kickstarter.com/projects/1806738365/freebird-flight-safest-best-performing-weatherproo\xc2\xa0\xe2\x80\xa6',0,2,7,
2:58 AM - 28 Mar 2016,b'DroneNR is back up and live again. Completely remade!!! http://DroneNR.com\xc2\xa0 #drones #DroneNR',0,2,2,
10:04 AM - 28 Mar 2016,b'Watch This Drone Take On a Formula E Race Car - Fortune http://for.tn/1Uod4gJ\xc2\xa0pic.twitter.com/vnKyXlPb3L',0,3,4,
12:56 PM - 27 Mar 2016,b'WATCH: High-Speed Drone Takes on High-Powered Electric Race Car - Maxim http://bit.ly/1UnqoSz\xc2\xa0 #drone #rpv #uav',0,8,6,
12:24 PM - 25 Mar 2016,"b'Drone Disruption: The Stakes, The Players, And The Opportunities via @forbes http://www.forbes.com/sites/markpmills/2016/03/23/drone-disruption-the-stakes-the-players-and-the-opportunities/#1bba02bc7bc5\xc2\xa0\xe2\x80\xa6'",0,5,5,
8:45 AM - 28 Mar 2016,b'The BEST Goggles EVER! FatShark Dominator HD V2\nhttp://amzn.to/1UVV1x5\xc2\xa0pic.twitter.com/RQLAI7fmEG',0,2,1,
8:45 AM - 28 Mar 2016,b'FatShark Receiver Module (~$40.00) - You need this in order for your new goggles to work -  http://amzn.to/1Uofqfn\xc2\xa0pic.twitter.com/i51CQK9VjB',0,2,1,
9:02 AM - 28 Mar 2016,b'Curious about #droneracing? @Thirdlawsports Interview about an easy way to get started http://rgn.bz/XwCH\xc2\xa0',0,2,1,
8:33 PM - 25 Mar 2016,"b'Near misses between drones and airplanes on the rise in US, says FAA http://bit.ly/1SciYLG\xc2\xa0'",0,1,0,
5:20 PM - 26 Mar 2016,"b'#RotorX Crowdfunding #RX122 we need your support to reach 10,000 goal http://ow.ly/ZWFX2\xc2\xa0 #fpvracing #dronespic.twitter.com/g5eFpKmW6A'",0,13,15,
6:47 PM - 23 Mar 2016,"b""LIVE on #Periscope: We're paying gas money to go to our next race in Canada  https://www.pscp.tv/w/acHtQjFEWkVvQnBlcm9qYXl8MUJkR1libG1YZFlKWDsTIhcGumUn05jj9A88NNGYcKEwFgFkz2SmXbnjvvyp\xc2\xa0\xe2\x80\xa6""",1,2,5,
8:35 PM - 23 Mar 2016,"b'Students from @woolsthorpeps explore #robots, #drones & new tech in education @MakerFaireMel http://bit.ly/1UlVNVK\xc2\xa0pic.twitter.com/f3deZwhvKn'",0,8,5,
8:34 PM - 23 Mar 2016,b'Drone racing turning into big money sport http://bit.ly/1XOAUQJ\xc2\xa0pic.twitter.com/iUHGYTNuOQ',0,3,2,
4:09 AM - 22 Mar 2016,"b""Great news !! We've made it to the finals of the @Innorobo's #robotics #startup competition !!https://twitter.com/Innorobo/status/712193482316591106\xc2\xa0\xe2\x80\xa6""",1,7,11,
6:01 AM - 22 Mar 2016,b'Amazing drone video from @bennymack http://buff.ly/1U4g15Y\xc2\xa0  #drone #videos #art #amazing #kenblock #ken #racing #NZpic.twitter.com/9hI25S8hW0',0,3,5,
2:29 PM - 21 Mar 2016,b'Drones in 2016: Where do Unmanned Aircraft Go From Here?\nvia @Newsweek (quoting @dronelaws)\nhttp://www.newsweek.com/drones-2016-where-do-unmanned-aircraft-go-here-438630\xc2\xa0\xe2\x80\xa6',0,4,2,
7:45 AM - 18 Mar 2016,b'Racing Drone Coalition is out! http://racingnews.dronecoalition.net/?edition_id=15c024a0-ed18-11e5-b721-0cc47a0d164b\xc2\xa0\xe2\x80\xa6 Stories via @SolaLumLLC @FPVUK @Unahenn',0,2,1,
1:52 AM - 18 Mar 2016,"b'1MW Industrux Lite - Now Shipping! $1275 + S/H | 1Kg Payload, 25 Mins Flight, Fully Autonomous | Customizable UAVpic.twitter.com/I5hdPPoAu5'",0,1,7,
9:15 AM - 16 Mar 2016,b'Want to rule the skies with a LegoCopter fleet? Join us in building it brick by brick. #make #DIY #roboticspic.twitter.com/CGixENkbaw',0,3,6,
5:02 AM - 16 Mar 2016,b'9 Awesome Drone Art Videos http://ow.ly/ZjxLO\xc2\xa0 #Dronespic.twitter.com/IVzHbpueeY',0,3,2,
8:56 AM - 16 Mar 2016,"b'Our CEO, Max Ruffo pitching @cebit about Terabee #tech #IoT and most importantly @TeraRanger ! #CeBIT2016pic.twitter.com/eK11Mc13Gf'",0,2,5,
9:43 AM - 16 Mar 2016,"b""We're thrilled to be a media partner of the #London #Drone #Film #Festval! @ldronefilmfest - http://www.londondronefilmfestival.com/\xc2\xa0pic.twitter.com/5uMuCh0YiN""",0,2,1,
9:12 AM - 16 Mar 2016,b'Get your #preorder in quick for the new #EventHorizon #FPV #Racing #Quad here: http://www.fossilsstuff.com/event-horizon-pre-order-136-p.asp\xc2\xa0\xe2\x80\xa6pic.twitter.com/1cTlX44XN4',0,6,7,
12:07 PM - 10 Mar 2016,b'Redline is a drone delivery concept for all of Africa (and maybe the Amazon too) http://pops.ci/Yxo6n7\xc2\xa0pic.twitter.com/5ElSLd7jFP',0,35,48,('https://pbs.twimg.com/tweet_video_thumb/CdNlmjTXIAUPMyj.jpg')
4:31 AM - 16 Mar 2016,b'Researchers develop miniaturized fuel cell that makes drones fly more than 1 hour http://zpr.io/mVGU\xc2\xa0  #Dronesarethefuture #UAV #Drones',0,1,2,
6:00 PM - 15 Mar 2016,b'Make sure to take a look at Sydney Australia! http://bit.ly/1S2F0TN\xc2\xa0pic.twitter.com/GuJutv23vW',0,1,1,
6:15 PM - 15 Mar 2016,b'Crashed your drone? We found the best glue EVER for fixing our broken quadcopter parts! http://goo.gl/2mvRHa\xc2\xa0pic.twitter.com/sTOuEGrVYz',0,5,8,
6:53 PM - 15 Mar 2016,"b""The FAA's drone registration system that is expected to pass 400,000 registrants this week http://1.usa.gov/1nLwU70\xc2\xa0""",1,4,5,
7:34 PM - 15 Mar 2016,b'Flybrix is a first-step to learning about drone racing... Interview below.https://twitter.com/thirdlawsports/status/709883087052742657\xc2\xa0\xe2\x80\xa6',0,1,3,
8:54 PM - 15 Mar 2016,"b'Stopped by the Apple Store on the way home, and the @DJIGlobal Phantom 4 is here! \nhttp://thedronegirl.com/2016/03/09/djis-phantom-4-is-here-and-incredible/\xc2\xa0\xe2\x80\xa6pic.twitter.com/fxbuXT3OVW'",4,8,17,
12:14 PM - 15 Mar 2016,"b""We've released the design files for the IRIS+! Download them for free & build your own. http://3dr.io/rq81n\xc2\xa0https://twitter.com/MyMiniFactory/status/709807823769772032\xc2\xa0\xe2\x80\xa6""",0,24,38,
9:16 PM - 15 Mar 2016,b'RotorX RX122 Atom V2 Pro - The Pocket Powerhouse https://youtu.be/DG-Dz5eNlEQ\xc2\xa0 Sign up now for VIP pricing and your chance to win one! #fpv #drone',0,2,2,
9:21 PM - 15 Mar 2016,b'Vid Shows Some Totally Cool Uses For #Drones\nhttp://dld.bz/etNaG\xc2\xa0pic.twitter.com/Y5AimfdWOz',0,1,2,
2:38 PM - 15 Mar 2016,"b""#Retweet this! We'll pick a random person to receive a bamboo prototype frame. #PXFmini #RaspberryPi #PiZero #dronepic.twitter.com/gOaewt0s2t""",2,33,14,
6:20 AM - 15 Mar 2016,b'Check out  banniukfpv  final run at the @worlddroneprix championship heat. Congrats on the win\xe2\x80\xa6 https://www.instagram.com/p/BC-aEBBmHpJ/\xc2\xa0',0,3,3,
6:20 AM - 15 Mar 2016,b'The @yuneecaviation Typhoon H drone built-in front ultrasonic sensor range is 5 ft; @Intel RealSense details will be announced at later date',1,2,3,
8:54 AM - 15 Mar 2016,b'Fpv Pole Dancing by #AirV\xc5\xabz via @AirVuz http://airvuz.com/play?id=56e82321f2acdc60c624aca9\xc2\xa0\xe2\x80\xa6 #FPV #FPVracing',0,2,1,
6:42 PM - 14 Mar 2016,b'Test parts for our @ErleRobotics #PXFmini / #RaspberryPi #PiZero 180mm racing #drone. #DroneRacing #miniquad #FPVpic.twitter.com/t4p0xYzqaU',0,4,8,
8:45 AM - 14 Mar 2016,"b""It's been brought to our attention we have been using the wrong model for name for @ErleRobotics #PXFmini. It's not PFXmini. Now go buy one!""",0,5,6,
9:05 AM - 14 Mar 2016,"b""Prepping for the panel today at #SXSW with @FAANews @google @amazon and more! Come join if you're in Austin!pic.twitter.com/MIbHqlZ0MU""",1,7,8,
12:33 AM - 12 Feb 2016,b'Moment of youth - #MakeInIndia Week #startup #marinedrivepic.twitter.com/SQpjBHpmHB',166,1933,5522,('https://pbs.twimg.com/ext_tw_video_thumb/698060797482770432/pu/img/k2KRlSdaPU_gDxLj.jpg')
8:33 PM - 14 Mar 2016,b'The secret to getting ABS to stick to your 3D printer bedpic.twitter.com/Q3HMjiBZft',5,3,19,
10:26 PM - 14 Mar 2016,b'Congrats Team @DetMultirotor with at least 1 pilot on every podium @ the Team @ReadyMadeRC Air Race Arena Showdown!\nhttps://www.facebook.com/FPVracingevents/posts/226598531028397\xc2\xa0\xe2\x80\xa6',0,2,3,
6:05 PM - 14 Mar 2016,b'Hear the background on the wildly successful World Drone Prix. @worlddroneprix. http://droneradioshow.com/inside-the-world-drone-prix-with-omar-al-olama-world-org-of-racing-drones-drs-040/\xc2\xa0\xe2\x80\xa6pic.twitter.com/7flh4y9q3l',0,6,5,
3:22 AM - 15 Mar 2016,b'Our Latest Post: The Different Types of Drones! #drones #yearofthedrone #dronenr #drone #dronenews http://dronenr.com/blog-post/types-of-drones/\xc2\xa0\xe2\x80\xa6',0,4,3,
9:59 AM - 10 Nov 2015,b'Foto del equipo de FMIC participante en el evento de Pol\xc3\xadtica de #Seguridad Integral de PROSEGUR #drone service WTCpic.twitter.com/AhlRjNvo4b',0,5,2,
1:41 AM - 15 Mar 2016,"b'Sweep, scanning LiDAR sensor\nScanse LLC, San Leandro, California, USA\nhttp://pr.ai/post52898\xc2\xa0'",0,1,1,
9:31 AM - 14 Mar 2016,"b""We're on our way to @cebit ! Looking forward to connecting with you ! #CeBIT2016 #IoT #Techpic.twitter.com/CPMjZCef1n""",0,2,4,
10:30 PM - 13 Mar 2016,"b'The best drone racer in the world just won $250,000 http://engt.co/1Rh9Wwi\xc2\xa0pic.twitter.com/SaXOo1bqOA'",4,88,75,
1:45 AM - 14 Mar 2016,"b'This past weekend Dubai hosted the @WorldDronePrix where 70+ #drone pilots competed for their share of $1,000,000. http://ow.ly/Zq6E4\xc2\xa0'",1,6,6,
6:05 AM - 13 Mar 2016,b'If Jaws was made today!pic.twitter.com/kZ7kFMEmVO',0,8,5,
10:27 AM - 12 Mar 2016,"b'Full rundown of @worlddroneprix heats, places and winners @ThirdLawSports http://thirdlawsports.com/2016/03/10/world-drone-prix-2016-winner-tracking/\xc2\xa0\xe2\x80\xa6 #WDP16 #dronesaregood #drone'",1,4,3,
2:46 AM - 12 Mar 2016,b'Congratulations to All #fpvteams & #fpvpilots for forging on to the FINALS. GOOD LUCK TO ALL!  #WDP2016 #droneracingpic.twitter.com/v0L3I03xx1',0,1,0,
5:10 AM - 12 Mar 2016,b'FPV Video of Tornado X-Blades Banni UK as he races his drone through the #WorldDronePrix Track\nhttps://www.youtube.com/watch?v=NcBaYAmRoXc\xc2\xa0\xe2\x80\xa6',0,0,1,
5:03 AM - 12 Mar 2016,b'We are now on FB - https://www.facebook.com/droneracingindia/\xc2\xa0\xe2\x80\xa6 Support and Like our page',0,0,0,
4:21 AM - 12 Mar 2016,b'IDRL - Official Home of the Indian Drone Racing League is now on Twitter! Follow us for the latest in Indian Drone Racing!',0,2,5,
